# tb_user表
INSERT INTO `wms`.`tb_user` (`id`, `username`, `password`, `nickname`, `email`, `phone`, `status`, `gender`, `avatar`, `creator`, `create_time`, `updater`, `update_time`) VALUES (1, 'admin', '$2a$10$pEFhmGon54e8BGzquKa.COsVa0E/oQGN/aQUwFEZs1zPkM2AD6vZ6', '管理员', '445571153@qq.com', '17330721036', '0', '0', NULL, '管理员', '2024-02-25 19:16:07', '管理员', '2024-02-25 19:16:07');
INSERT INTO `wms`.`tb_user` (`id`, `username`, `password`, `nickname`, `email`, `phone`, `status`, `gender`, `avatar`, `creator`, `create_time`, `updater`, `update_time`) VALUES (1764583691067191297, 'caigou', '$2a$10$Q.BenP4R3RzWP43uIGSRveGdgYoEvFGRC6iBYw7eyrLpSqkBATFAm', '采购员', '133@qq.com', '17330721036', '0', '1', 'http://wms-img.yunke.icu/aa3667d26d8b47a2858582f5834f6f91.png', '管理员', '2024-03-04 17:28:31', '管理员', '2024-03-23 23:14:35');
INSERT INTO `wms`.`tb_user` (`id`, `username`, `password`, `nickname`, `email`, `phone`, `status`, `gender`, `avatar`, `creator`, `create_time`, `updater`, `update_time`) VALUES (1764583809539502082, 'lihuo', '$2a$10$Q.BenP4R3RzWP43uIGSRveGdgYoEvFGRC6iBYw7eyrLpSqkBATFAm', '理货员', '133@qq.com', '13312341234', '0', '1', NULL, '管理员', '2024-03-04 17:28:59', '管理员', '2024-03-04 17:28:59');
INSERT INTO `wms`.`tb_user` (`id`, `username`, `password`, `nickname`, `email`, `phone`, `status`, `gender`, `avatar`, `creator`, `create_time`, `updater`, `update_time`) VALUES (1764583890602815490, 'xiaoshou', '$2a$10$WdS7s/CVwmvVugTcABHweO/iGD4/ZymfPWFEvMLG/lL4MEt8WPrG2', '销售员', '1323@qq.com', '13312341234', '0', '1', NULL, '管理员', '2024-03-04 17:29:19', '管理员', '2024-03-04 17:29:19');

# tb_role表
INSERT INTO `wms`.`tb_role` (`id`, `name`, `role_key`, `order_num`, `status`, `creator`, `create_time`, `updater`, `update_time`) VALUES (1764466422387429378, '超级管理员', 'admin', 1, '0', '管理员', '2024-03-04 09:42:32', '管理员', '2024-03-09 09:18:24');
INSERT INTO `wms`.`tb_role` (`id`, `name`, `role_key`, `order_num`, `status`, `creator`, `create_time`, `updater`, `update_time`) VALUES (1764523146930573314, '销售员', 'salesman', 2, '0', '管理员', '2024-03-04 13:27:56', '管理员', '2024-03-09 09:19:30');
INSERT INTO `wms`.`tb_role` (`id`, `name`, `role_key`, `order_num`, `status`, `creator`, `create_time`, `updater`, `update_time`) VALUES (1764583335356657665, '采购员', 'purchaser', 3, '0', '管理员', '2024-03-04 17:27:06', '管理员', '2024-03-09 09:20:58');
INSERT INTO `wms`.`tb_role` (`id`, `name`, `role_key`, `order_num`, `status`, `creator`, `create_time`, `updater`, `update_time`) VALUES (1766067267948347393, '理货员', 'tallyClerk', 4, '0', '管理员', '2024-03-08 19:43:43', '管理员', '2024-03-09 09:21:58');

# tb_user_role表
INSERT INTO `wms`.`tb_user_role` (`id`, `user_id`, `role_id`) VALUES (1764654133496897537, 1, 1764466422387429378);
INSERT INTO `wms`.`tb_user_role` (`id`, `user_id`, `role_id`) VALUES (1764654212513390593, 1764583890602815490, 1764523146930573314);
INSERT INTO `wms`.`tb_user_role` (`id`, `user_id`, `role_id`) VALUES (1766271646533963777, 1764583809539502082, 1766067267948347393);
INSERT INTO `wms`.`tb_user_role` (`id`, `user_id`, `role_id`) VALUES (1767411057518755841, 1767411042054356994, 1764583335356657665);
INSERT INTO `wms`.`tb_user_role` (`id`, `user_id`, `role_id`) VALUES (1771556151364689921, 1764583691067191297, 1764583335356657665);

# tb_menu表
INSERT INTO `wms`.`tb_menu` (`id`, `name`, `parent_id`, `order_num`, `router_path`, `component`, `query_params`, `path_code`, `menu_type`, `status`, `perms`, `icon`, `creator`, `create_time`, `updater`, `update_time`) VALUES (1762375898201448450, '用户管理', 0, 1, 'user', '', '', '0-1762375898201448450', 'D', '0', '', 'user', '管理员', '2024-02-27 15:15:32', '管理员', '2024-02-27 15:15:33');
INSERT INTO `wms`.`tb_menu` (`id`, `name`, `parent_id`, `order_num`, `router_path`, `component`, `query_params`, `path_code`, `menu_type`, `status`, `perms`, `icon`, `creator`, `create_time`, `updater`, `update_time`) VALUES (1762375901057769473, '员工管理', 1762375898201448450, 1, 'emp', 'user/emp/index', NULL, '0-1762375898201448450-1762375901057769473', 'M', '0', 'user:emp:list', 'emp', '管理员', '2024-02-27 15:15:33', '管理员', '2024-03-01 16:22:14');
INSERT INTO `wms`.`tb_menu` (`id`, `name`, `parent_id`, `order_num`, `router_path`, `component`, `query_params`, `path_code`, `menu_type`, `status`, `perms`, `icon`, `creator`, `create_time`, `updater`, `update_time`) VALUES (1762375901124878337, '客户管理', 1762375898201448450, 2, 'customer', 'user/customer/index', NULL, '0-1762375898201448450-1762375901124878337', 'M', '0', 'user:customer:list', 'customer', '管理员', '2024-02-27 15:15:33', '管理员', '2024-03-01 16:17:18');
INSERT INTO `wms`.`tb_menu` (`id`, `name`, `parent_id`, `order_num`, `router_path`, `component`, `query_params`, `path_code`, `menu_type`, `status`, `perms`, `icon`, `creator`, `create_time`, `updater`, `update_time`) VALUES (1762375901124878338, '供应商管理', 1762375898201448450, 3, 'supplier', 'user/supplier/index', NULL, '0-1762375898201448450-1762375901124878338', 'M', '0', 'user:supplier:list', 'supplier', '管理员', '2024-02-27 15:15:33', '管理员', '2024-02-27 15:15:33');
INSERT INTO `wms`.`tb_menu` (`id`, `name`, `parent_id`, `order_num`, `router_path`, `component`, `query_params`, `path_code`, `menu_type`, `status`, `perms`, `icon`, `creator`, `create_time`, `updater`, `update_time`) VALUES (1762391087164542978, '库存管理', 0, 4, 'inventory', '', '', '0-1762391087164542978', 'D', '0', '', 'inventory', '管理员', '2024-02-27 16:15:53', '管理员', '2024-03-01 17:37:03');
INSERT INTO `wms`.`tb_menu` (`id`, `name`, `parent_id`, `order_num`, `router_path`, `component`, `query_params`, `path_code`, `menu_type`, `status`, `perms`, `icon`, `creator`, `create_time`, `updater`, `update_time`) VALUES (1762391090016669697, '货物信息', 1762391087164542978, 1, 'waresInfo', 'inventory/waresInfo/index', '', '0-1762391087164542978-1762391090016669697', 'M', '0', 'inventory:waresInfo:list', 'waresInfo', '管理员', '2024-02-27 16:15:54', '管理员', '2024-03-01 17:40:03');
INSERT INTO `wms`.`tb_menu` (`id`, `name`, `parent_id`, `order_num`, `router_path`, `component`, `query_params`, `path_code`, `menu_type`, `status`, `perms`, `icon`, `creator`, `create_time`, `updater`, `update_time`) VALUES (1762391090016669698, '库存记录', 1762391087164542978, 2, 'record', 'inventory/record/index', '', '0-1762391087164542978-1762391090016669698', 'M', '0', 'inventory:record:list', 'inventory-record', '管理员', '2024-02-27 16:15:54', '管理员', '2024-03-01 17:41:24');
INSERT INTO `wms`.`tb_menu` (`id`, `name`, `parent_id`, `order_num`, `router_path`, `component`, `query_params`, `path_code`, `menu_type`, `status`, `perms`, `icon`, `creator`, `create_time`, `updater`, `update_time`) VALUES (1762391090079584258, '货位管理', 1762391087164542978, 3, 'waresLocation', 'inventory/waresLocation/index', '', '0-1762391087164542978-1762391090079584258', 'M', '0', 'inventory:waresLocation:list', 'wares-location', '管理员', '2024-02-27 16:15:54', '管理员', '2024-03-01 17:42:56');
INSERT INTO `wms`.`tb_menu` (`id`, `name`, `parent_id`, `order_num`, `router_path`, `component`, `query_params`, `path_code`, `menu_type`, `status`, `perms`, `icon`, `creator`, `create_time`, `updater`, `update_time`) VALUES (1762391090079584259, '库存盘点', 1762391087164542978, 4, 'check', 'inventory/check/index', '', '0-1762391087164542978-1762391090079584259', 'M', '0', 'inventory:check:list', 'inventory-check', '管理员', '2024-02-27 16:15:54', '管理员', '2024-03-01 17:48:54');
INSERT INTO `wms`.`tb_menu` (`id`, `name`, `parent_id`, `order_num`, `router_path`, `component`, `query_params`, `path_code`, `menu_type`, `status`, `perms`, `icon`, `creator`, `create_time`, `updater`, `update_time`) VALUES (1762396480620007426, '系统管理', 0, 5, 'system', '', '', '0-1762396480620007426', 'D', '0', NULL, 'system', '管理员', '2024-02-27 16:37:19', '管理员', '2024-03-23 22:31:38');
INSERT INTO `wms`.`tb_menu` (`id`, `name`, `parent_id`, `order_num`, `router_path`, `component`, `query_params`, `path_code`, `menu_type`, `status`, `perms`, `icon`, `creator`, `create_time`, `updater`, `update_time`) VALUES (1762396486714331138, '角色管理', 1762396480620007426, 1, 'role', 'system/role/index', '', '0-1762396480620007426-1762396486714331138', 'M', '0', 'system:role:list', 'peoples', '管理员', '2024-02-27 16:37:21', '管理员', '2024-02-27 16:37:21');
INSERT INTO `wms`.`tb_menu` (`id`, `name`, `parent_id`, `order_num`, `router_path`, `component`, `query_params`, `path_code`, `menu_type`, `status`, `perms`, `icon`, `creator`, `create_time`, `updater`, `update_time`) VALUES (1762396486777245698, '菜单管理', 1762396480620007426, 2, 'menu', 'system/menu/index', '', '0-1762396480620007426-1762396486777245698', 'M', '0', 'system:menu:list', 'tree-table', '管理员', '2024-02-27 16:37:21', '管理员', '2024-02-27 16:37:21');
INSERT INTO `wms`.`tb_menu` (`id`, `name`, `parent_id`, `order_num`, `router_path`, `component`, `query_params`, `path_code`, `menu_type`, `status`, `perms`, `icon`, `creator`, `create_time`, `updater`, `update_time`) VALUES (1762396486835965953, '字典管理', 1762396480620007426, 3, 'dict', 'system/dict/index', '', '0-1762396480620007426-1762396486835965953', 'M', '0', 'system:dict:list', 'dict', '管理员', '2024-02-27 16:37:21', '管理员', '2024-02-27 16:37:21');
INSERT INTO `wms`.`tb_menu` (`id`, `name`, `parent_id`, `order_num`, `router_path`, `component`, `query_params`, `path_code`, `menu_type`, `status`, `perms`, `icon`, `creator`, `create_time`, `updater`, `update_time`) VALUES (1766059080297840642, '员工查询', 1762375901057769473, 1, NULL, NULL, NULL, NULL, 'B', '0', 'user:emp:query', NULL, '管理员', '2024-03-08 19:11:11', '管理员', '2024-03-08 19:11:11');
INSERT INTO `wms`.`tb_menu` (`id`, `name`, `parent_id`, `order_num`, `router_path`, `component`, `query_params`, `path_code`, `menu_type`, `status`, `perms`, `icon`, `creator`, `create_time`, `updater`, `update_time`) VALUES (1766059414151856129, '员工新增', 1762375901057769473, 2, NULL, NULL, NULL, NULL, 'B', '0', 'user:emp:add', NULL, '管理员', '2024-03-08 19:12:31', '管理员', '2024-03-08 19:12:31');
INSERT INTO `wms`.`tb_menu` (`id`, `name`, `parent_id`, `order_num`, `router_path`, `component`, `query_params`, `path_code`, `menu_type`, `status`, `perms`, `icon`, `creator`, `create_time`, `updater`, `update_time`) VALUES (1766059614123687938, '员工修改', 1762375901057769473, 3, NULL, NULL, NULL, NULL, 'B', '0', 'user:emp:edit', NULL, '管理员', '2024-03-08 19:13:18', '管理员', '2024-03-08 19:13:18');
INSERT INTO `wms`.`tb_menu` (`id`, `name`, `parent_id`, `order_num`, `router_path`, `component`, `query_params`, `path_code`, `menu_type`, `status`, `perms`, `icon`, `creator`, `create_time`, `updater`, `update_time`) VALUES (1766059699192561666, '员工删除', 1762375901057769473, 4, NULL, NULL, NULL, NULL, 'B', '0', 'user:emp:delete', NULL, '管理员', '2024-03-08 19:13:39', '管理员', '2024-03-08 19:13:39');
INSERT INTO `wms`.`tb_menu` (`id`, `name`, `parent_id`, `order_num`, `router_path`, `component`, `query_params`, `path_code`, `menu_type`, `status`, `perms`, `icon`, `creator`, `create_time`, `updater`, `update_time`) VALUES (1766059778569764866, '密码重置', 1762375901057769473, 4, NULL, NULL, NULL, NULL, 'B', '0', 'user:emp:resetPwd', NULL, '管理员', '2024-03-08 19:13:58', '管理员', '2024-03-08 19:14:04');
INSERT INTO `wms`.`tb_menu` (`id`, `name`, `parent_id`, `order_num`, `router_path`, `component`, `query_params`, `path_code`, `menu_type`, `status`, `perms`, `icon`, `creator`, `create_time`, `updater`, `update_time`) VALUES (1766060244514996225, '客户查询', 1762375901124878337, 1, NULL, NULL, NULL, NULL, 'B', '0', 'user:customer:query', NULL, '管理员', '2024-03-08 19:15:49', '管理员', '2024-03-08 19:15:49');
INSERT INTO `wms`.`tb_menu` (`id`, `name`, `parent_id`, `order_num`, `router_path`, `component`, `query_params`, `path_code`, `menu_type`, `status`, `perms`, `icon`, `creator`, `create_time`, `updater`, `update_time`) VALUES (1766060315226767361, '客户新增', 1762375901124878337, 2, NULL, NULL, NULL, NULL, 'B', '0', 'user:customer:add', NULL, '管理员', '2024-03-08 19:16:06', '管理员', '2024-03-08 19:16:06');
INSERT INTO `wms`.`tb_menu` (`id`, `name`, `parent_id`, `order_num`, `router_path`, `component`, `query_params`, `path_code`, `menu_type`, `status`, `perms`, `icon`, `creator`, `create_time`, `updater`, `update_time`) VALUES (1766060915968540673, '客户修改', 1762375901124878337, 3, NULL, NULL, NULL, NULL, 'B', '0', 'user:customer:edit', NULL, '管理员', '2024-03-08 19:18:29', '管理员', '2024-03-08 19:18:29');
INSERT INTO `wms`.`tb_menu` (`id`, `name`, `parent_id`, `order_num`, `router_path`, `component`, `query_params`, `path_code`, `menu_type`, `status`, `perms`, `icon`, `creator`, `create_time`, `updater`, `update_time`) VALUES (1766061238275637249, '客户删除', 1762375901124878337, 4, NULL, NULL, NULL, NULL, 'B', '0', 'user:customer:delete', NULL, '管理员', '2024-03-08 19:19:46', '管理员', '2024-03-08 19:19:46');
INSERT INTO `wms`.`tb_menu` (`id`, `name`, `parent_id`, `order_num`, `router_path`, `component`, `query_params`, `path_code`, `menu_type`, `status`, `perms`, `icon`, `creator`, `create_time`, `updater`, `update_time`) VALUES (1766061864980152321, '供应商查询', 1762375901124878338, 1, NULL, NULL, NULL, NULL, 'B', '0', 'user:supplier:query', NULL, '管理员', '2024-03-08 19:22:15', '管理员', '2024-03-08 19:22:15');
INSERT INTO `wms`.`tb_menu` (`id`, `name`, `parent_id`, `order_num`, `router_path`, `component`, `query_params`, `path_code`, `menu_type`, `status`, `perms`, `icon`, `creator`, `create_time`, `updater`, `update_time`) VALUES (1766062062724808706, '供应商新增', 1762375901124878338, 2, NULL, NULL, NULL, NULL, 'B', '0', 'user:supplier:add', NULL, '管理员', '2024-03-08 19:23:02', '管理员', '2024-03-08 19:23:02');
INSERT INTO `wms`.`tb_menu` (`id`, `name`, `parent_id`, `order_num`, `router_path`, `component`, `query_params`, `path_code`, `menu_type`, `status`, `perms`, `icon`, `creator`, `create_time`, `updater`, `update_time`) VALUES (1766062516586250242, '供应商修改', 1762375901124878338, 3, NULL, NULL, NULL, NULL, 'B', '0', 'user:supplier:edit', NULL, '管理员', '2024-03-08 19:24:50', '管理员', '2024-03-08 19:24:50');
INSERT INTO `wms`.`tb_menu` (`id`, `name`, `parent_id`, `order_num`, `router_path`, `component`, `query_params`, `path_code`, `menu_type`, `status`, `perms`, `icon`, `creator`, `create_time`, `updater`, `update_time`) VALUES (1766062598421315585, '供应商删除', 1762375901124878338, 4, NULL, NULL, NULL, NULL, 'B', '0', 'user:supplier:delete', NULL, '管理员', '2024-03-08 19:25:10', '管理员', '2024-03-08 19:25:10');
INSERT INTO `wms`.`tb_menu` (`id`, `name`, `parent_id`, `order_num`, `router_path`, `component`, `query_params`, `path_code`, `menu_type`, `status`, `perms`, `icon`, `creator`, `create_time`, `updater`, `update_time`) VALUES (1766064317062545410, '货物查询', 1762391090016669697, 1, NULL, NULL, NULL, NULL, 'B', '0', 'inventory:waresInfo:query', NULL, '管理员', '2024-03-08 19:32:00', '管理员', '2024-03-08 19:32:10');
INSERT INTO `wms`.`tb_menu` (`id`, `name`, `parent_id`, `order_num`, `router_path`, `component`, `query_params`, `path_code`, `menu_type`, `status`, `perms`, `icon`, `creator`, `create_time`, `updater`, `update_time`) VALUES (1766064497388257281, '货物新增', 1762391090016669697, 2, NULL, NULL, NULL, NULL, 'B', '0', 'inventory:waresInfo:add', NULL, '管理员', '2024-03-08 19:32:43', '管理员', '2024-03-08 19:32:43');
INSERT INTO `wms`.`tb_menu` (`id`, `name`, `parent_id`, `order_num`, `router_path`, `component`, `query_params`, `path_code`, `menu_type`, `status`, `perms`, `icon`, `creator`, `create_time`, `updater`, `update_time`) VALUES (1766064582658457602, '货物修改', 1762391090016669697, 3, NULL, NULL, NULL, NULL, 'B', '0', 'inventory:waresInfo:edit', NULL, '管理员', '2024-03-08 19:33:03', '管理员', '2024-03-08 19:33:03');
INSERT INTO `wms`.`tb_menu` (`id`, `name`, `parent_id`, `order_num`, `router_path`, `component`, `query_params`, `path_code`, `menu_type`, `status`, `perms`, `icon`, `creator`, `create_time`, `updater`, `update_time`) VALUES (1766064671200215042, '货物删除', 1762391090016669697, 4, NULL, NULL, NULL, NULL, 'B', '0', 'inventory:waresInfo:delete', NULL, '管理员', '2024-03-08 19:33:24', '管理员', '2024-03-08 19:33:24');
INSERT INTO `wms`.`tb_menu` (`id`, `name`, `parent_id`, `order_num`, `router_path`, `component`, `query_params`, `path_code`, `menu_type`, `status`, `perms`, `icon`, `creator`, `create_time`, `updater`, `update_time`) VALUES (1766064935722385409, '货位查询', 1762391090079584258, 1, NULL, NULL, NULL, NULL, 'B', '0', 'inventory:waresLocation:query', NULL, '管理员', '2024-03-08 19:34:27', '管理员', '2024-03-08 19:34:27');
INSERT INTO `wms`.`tb_menu` (`id`, `name`, `parent_id`, `order_num`, `router_path`, `component`, `query_params`, `path_code`, `menu_type`, `status`, `perms`, `icon`, `creator`, `create_time`, `updater`, `update_time`) VALUES (1766065030303940609, '货位新增', 1762391090079584258, 2, NULL, NULL, NULL, NULL, 'B', '0', 'inventory:waresLocation:add', NULL, '管理员', '2024-03-08 19:34:50', '管理员', '2024-03-08 19:34:50');
INSERT INTO `wms`.`tb_menu` (`id`, `name`, `parent_id`, `order_num`, `router_path`, `component`, `query_params`, `path_code`, `menu_type`, `status`, `perms`, `icon`, `creator`, `create_time`, `updater`, `update_time`) VALUES (1766065124466065409, '货位修改', 1762391090079584258, 3, NULL, NULL, NULL, NULL, 'B', '0', 'inventory:waresLocation:edit', NULL, '管理员', '2024-03-08 19:35:12', '管理员', '2024-03-08 19:35:12');
INSERT INTO `wms`.`tb_menu` (`id`, `name`, `parent_id`, `order_num`, `router_path`, `component`, `query_params`, `path_code`, `menu_type`, `status`, `perms`, `icon`, `creator`, `create_time`, `updater`, `update_time`) VALUES (1766065193764356098, '货位删除', 1762391090079584258, 4, NULL, NULL, NULL, NULL, 'B', '0', 'inventory:waresLocation:delete', NULL, '管理员', '2024-03-08 19:35:29', '管理员', '2024-03-08 19:35:29');
INSERT INTO `wms`.`tb_menu` (`id`, `name`, `parent_id`, `order_num`, `router_path`, `component`, `query_params`, `path_code`, `menu_type`, `status`, `perms`, `icon`, `creator`, `create_time`, `updater`, `update_time`) VALUES (1766065363012911105, '库存查询', 1762391090016669698, 1, NULL, NULL, NULL, NULL, 'B', '0', 'inventory:record:query', NULL, '管理员', '2024-03-08 19:36:09', '管理员', '2024-03-08 19:36:09');
INSERT INTO `wms`.`tb_menu` (`id`, `name`, `parent_id`, `order_num`, `router_path`, `component`, `query_params`, `path_code`, `menu_type`, `status`, `perms`, `icon`, `creator`, `create_time`, `updater`, `update_time`) VALUES (1766065518055358465, '设置库存阈值', 1762391090016669698, 2, NULL, NULL, NULL, NULL, 'B', '0', 'inventory:record:setAlarm', NULL, '管理员', '2024-03-08 19:36:46', '管理员', '2024-03-08 19:36:46');
INSERT INTO `wms`.`tb_menu` (`id`, `name`, `parent_id`, `order_num`, `router_path`, `component`, `query_params`, `path_code`, `menu_type`, `status`, `perms`, `icon`, `creator`, `create_time`, `updater`, `update_time`) VALUES (1766071411337633794, '盘点单查询', 1762391090079584259, 1, NULL, NULL, NULL, NULL, 'B', '0', 'inventory:check:query', NULL, '管理员', '2024-03-08 20:00:11', '管理员', '2024-03-08 20:00:11');
INSERT INTO `wms`.`tb_menu` (`id`, `name`, `parent_id`, `order_num`, `router_path`, `component`, `query_params`, `path_code`, `menu_type`, `status`, `perms`, `icon`, `creator`, `create_time`, `updater`, `update_time`) VALUES (1766071465267994625, '盘点单新增', 1762391090079584259, 2, NULL, NULL, NULL, NULL, 'B', '0', 'inventory:check:add', NULL, '管理员', '2024-03-08 20:00:24', '管理员', '2024-03-08 20:04:51');
INSERT INTO `wms`.`tb_menu` (`id`, `name`, `parent_id`, `order_num`, `router_path`, `component`, `query_params`, `path_code`, `menu_type`, `status`, `perms`, `icon`, `creator`, `create_time`, `updater`, `update_time`) VALUES (1766071557005811713, '盘点单修改', 1762391090079584259, 3, NULL, NULL, NULL, NULL, 'B', '0', 'inventory:check:edit', NULL, '管理员', '2024-03-08 20:00:46', '管理员', '2024-03-08 20:00:46');
INSERT INTO `wms`.`tb_menu` (`id`, `name`, `parent_id`, `order_num`, `router_path`, `component`, `query_params`, `path_code`, `menu_type`, `status`, `perms`, `icon`, `creator`, `create_time`, `updater`, `update_time`) VALUES (1766071625356189698, '盘点单删除', 1762391090079584259, 4, NULL, NULL, NULL, NULL, 'B', '0', 'inventory:check:delete', NULL, '管理员', '2024-03-08 20:01:02', '管理员', '2024-03-08 20:01:02');
INSERT INTO `wms`.`tb_menu` (`id`, `name`, `parent_id`, `order_num`, `router_path`, `component`, `query_params`, `path_code`, `menu_type`, `status`, `perms`, `icon`, `creator`, `create_time`, `updater`, `update_time`) VALUES (1766071781484961794, '盘点单盘点', 1762391090079584259, 5, NULL, NULL, NULL, NULL, 'B', '0', 'inventory:check:pandian', NULL, '管理员', '2024-03-08 20:01:39', '管理员', '2024-03-08 20:01:39');
INSERT INTO `wms`.`tb_menu` (`id`, `name`, `parent_id`, `order_num`, `router_path`, `component`, `query_params`, `path_code`, `menu_type`, `status`, `perms`, `icon`, `creator`, `create_time`, `updater`, `update_time`) VALUES (1766088235727015938, '角色查询', 1762396486714331138, 1, NULL, NULL, NULL, NULL, 'B', '0', 'system:role:query', NULL, '管理员', '2024-03-08 21:07:02', '管理员', '2024-03-08 21:08:29');
INSERT INTO `wms`.`tb_menu` (`id`, `name`, `parent_id`, `order_num`, `router_path`, `component`, `query_params`, `path_code`, `menu_type`, `status`, `perms`, `icon`, `creator`, `create_time`, `updater`, `update_time`) VALUES (1766088542154477570, '角色新增', 1762396486714331138, 2, NULL, NULL, NULL, NULL, 'B', '0', 'system:role:add', NULL, '管理员', '2024-03-08 21:08:15', '管理员', '2024-03-08 21:08:15');
INSERT INTO `wms`.`tb_menu` (`id`, `name`, `parent_id`, `order_num`, `router_path`, `component`, `query_params`, `path_code`, `menu_type`, `status`, `perms`, `icon`, `creator`, `create_time`, `updater`, `update_time`) VALUES (1766088696563585026, '角色修改', 1762396486714331138, 3, NULL, NULL, NULL, NULL, 'B', '0', 'system:role:edit', NULL, '管理员', '2024-03-08 21:08:52', '管理员', '2024-03-08 21:08:52');
INSERT INTO `wms`.`tb_menu` (`id`, `name`, `parent_id`, `order_num`, `router_path`, `component`, `query_params`, `path_code`, `menu_type`, `status`, `perms`, `icon`, `creator`, `create_time`, `updater`, `update_time`) VALUES (1766088780223172610, '角色删除', 1762396486714331138, 4, NULL, NULL, NULL, NULL, 'B', '0', 'system:role:delete', NULL, '管理员', '2024-03-08 21:09:12', '管理员', '2024-03-08 21:09:12');
INSERT INTO `wms`.`tb_menu` (`id`, `name`, `parent_id`, `order_num`, `router_path`, `component`, `query_params`, `path_code`, `menu_type`, `status`, `perms`, `icon`, `creator`, `create_time`, `updater`, `update_time`) VALUES (1766088938138718209, '菜单查询', 1762396486777245698, 1, NULL, NULL, NULL, NULL, 'B', '0', 'system:menu:query', NULL, '管理员', '2024-03-08 21:09:50', '管理员', '2024-03-08 21:09:50');
INSERT INTO `wms`.`tb_menu` (`id`, `name`, `parent_id`, `order_num`, `router_path`, `component`, `query_params`, `path_code`, `menu_type`, `status`, `perms`, `icon`, `creator`, `create_time`, `updater`, `update_time`) VALUES (1766089033060012034, '菜单新增', 1762396486777245698, 2, NULL, NULL, NULL, NULL, 'B', '0', 'system:menu:add', NULL, '管理员', '2024-03-08 21:10:12', '管理员', '2024-03-08 21:10:12');
INSERT INTO `wms`.`tb_menu` (`id`, `name`, `parent_id`, `order_num`, `router_path`, `component`, `query_params`, `path_code`, `menu_type`, `status`, `perms`, `icon`, `creator`, `create_time`, `updater`, `update_time`) VALUES (1766089111552217089, '菜单修改', 1762396486777245698, 3, NULL, NULL, NULL, NULL, 'B', '0', 'system:menu:edit', NULL, '管理员', '2024-03-08 21:10:31', '管理员', '2024-03-08 21:10:31');
INSERT INTO `wms`.`tb_menu` (`id`, `name`, `parent_id`, `order_num`, `router_path`, `component`, `query_params`, `path_code`, `menu_type`, `status`, `perms`, `icon`, `creator`, `create_time`, `updater`, `update_time`) VALUES (1766089194616213505, '菜单删除', 1762396486777245698, 4, NULL, NULL, NULL, NULL, 'B', '0', 'system:menu:delete', NULL, '管理员', '2024-03-08 21:10:51', '管理员', '2024-03-08 21:10:51');
INSERT INTO `wms`.`tb_menu` (`id`, `name`, `parent_id`, `order_num`, `router_path`, `component`, `query_params`, `path_code`, `menu_type`, `status`, `perms`, `icon`, `creator`, `create_time`, `updater`, `update_time`) VALUES (1766089271703326721, '字典查询', 1762396486835965953, 1, NULL, NULL, NULL, NULL, 'B', '0', 'system:dict:query', NULL, '管理员', '2024-03-08 21:11:09', '管理员', '2024-03-08 21:11:09');
INSERT INTO `wms`.`tb_menu` (`id`, `name`, `parent_id`, `order_num`, `router_path`, `component`, `query_params`, `path_code`, `menu_type`, `status`, `perms`, `icon`, `creator`, `create_time`, `updater`, `update_time`) VALUES (1766089364284198913, '字典新增', 1762396486835965953, 2, NULL, NULL, NULL, NULL, 'B', '0', 'system:dict:add', NULL, '管理员', '2024-03-08 21:11:31', '管理员', '2024-03-08 21:11:31');
INSERT INTO `wms`.`tb_menu` (`id`, `name`, `parent_id`, `order_num`, `router_path`, `component`, `query_params`, `path_code`, `menu_type`, `status`, `perms`, `icon`, `creator`, `create_time`, `updater`, `update_time`) VALUES (1766089440930910209, '字典修改', 1762396486835965953, 3, NULL, NULL, NULL, NULL, 'B', '0', 'system:dict:edit', NULL, '管理员', '2024-03-08 21:11:50', '管理员', '2024-03-08 21:11:50');
INSERT INTO `wms`.`tb_menu` (`id`, `name`, `parent_id`, `order_num`, `router_path`, `component`, `query_params`, `path_code`, `menu_type`, `status`, `perms`, `icon`, `creator`, `create_time`, `updater`, `update_time`) VALUES (1766089542051385346, '字典删除', 1762396486835965953, 4, NULL, NULL, NULL, NULL, 'B', '0', 'system:dict:delete', NULL, '管理员', '2024-03-08 21:12:14', '管理员', '2024-03-08 21:12:14');
INSERT INTO `wms`.`tb_menu` (`id`, `name`, `parent_id`, `order_num`, `router_path`, `component`, `query_params`, `path_code`, `menu_type`, `status`, `perms`, `icon`, `creator`, `create_time`, `updater`, `update_time`) VALUES (1766090065198534658, '刷新缓存', 1762396486835965953, 5, NULL, NULL, NULL, NULL, 'B', '0', 'system:dict:refresh', NULL, '管理员', '2024-03-08 21:14:19', '管理员', '2024-03-08 21:14:47');
INSERT INTO `wms`.`tb_menu` (`id`, `name`, `parent_id`, `order_num`, `router_path`, `component`, `query_params`, `path_code`, `menu_type`, `status`, `perms`, `icon`, `creator`, `create_time`, `updater`, `update_time`) VALUES (1768076709510291458, '订单管理', 0, 2, 'order', NULL, NULL, NULL, 'D', '0', NULL, 'list', '管理员', '2024-02-27 18:48:31', '管理员', '2024-02-27 18:48:31');
INSERT INTO `wms`.`tb_menu` (`id`, `name`, `parent_id`, `order_num`, `router_path`, `component`, `query_params`, `path_code`, `menu_type`, `status`, `perms`, `icon`, `creator`, `create_time`, `updater`, `update_time`) VALUES (1768082812335857666, '采购管理', 1768076709510291458, 1, 'purchase', 'order/purchase/index', NULL, NULL, 'M', '0', 'order:purchase:list', 'purchase', '管理员', '2024-02-27 18:48:31', '管理员', '2024-02-27 18:48:31');
INSERT INTO `wms`.`tb_menu` (`id`, `name`, `parent_id`, `order_num`, `router_path`, `component`, `query_params`, `path_code`, `menu_type`, `status`, `perms`, `icon`, `creator`, `create_time`, `updater`, `update_time`) VALUES (1768083267308789762, '销售管理', 1768076709510291458, 2, 'sale', 'order/sale/index', NULL, NULL, 'M', '0', 'order:sale:list', 'sale-order', '管理员', '2024-02-27 18:48:31', '管理员', '2024-02-27 18:48:31');

# tb_role_menu表
INSERT INTO `wms`.`tb_role_menu` (`id`, `role_id`, `menu_id`) VALUES (1766272288635768833, 1764466422387429378, 1762375898201448450);
INSERT INTO `wms`.`tb_role_menu` (`id`, `role_id`, `menu_id`) VALUES (1766272288635768834, 1764466422387429378, 1762375901057769473);
INSERT INTO `wms`.`tb_role_menu` (`id`, `role_id`, `menu_id`) VALUES (1766272288635768835, 1764466422387429378, 1766059080297840642);
INSERT INTO `wms`.`tb_role_menu` (`id`, `role_id`, `menu_id`) VALUES (1766272288635768836, 1764466422387429378, 1766059414151856129);
INSERT INTO `wms`.`tb_role_menu` (`id`, `role_id`, `menu_id`) VALUES (1766272288635768837, 1764466422387429378, 1766059614123687938);
INSERT INTO `wms`.`tb_role_menu` (`id`, `role_id`, `menu_id`) VALUES (1766272288635768838, 1764466422387429378, 1766059699192561666);
INSERT INTO `wms`.`tb_role_menu` (`id`, `role_id`, `menu_id`) VALUES (1766272288635768839, 1764466422387429378, 1766059778569764866);
INSERT INTO `wms`.`tb_role_menu` (`id`, `role_id`, `menu_id`) VALUES (1766272288635768840, 1764466422387429378, 1762375901124878337);
INSERT INTO `wms`.`tb_role_menu` (`id`, `role_id`, `menu_id`) VALUES (1766272288635768841, 1764466422387429378, 1766060244514996225);
INSERT INTO `wms`.`tb_role_menu` (`id`, `role_id`, `menu_id`) VALUES (1766272288635768842, 1764466422387429378, 1766060315226767361);
INSERT INTO `wms`.`tb_role_menu` (`id`, `role_id`, `menu_id`) VALUES (1766272288635768843, 1764466422387429378, 1766060915968540673);
INSERT INTO `wms`.`tb_role_menu` (`id`, `role_id`, `menu_id`) VALUES (1766272288635768844, 1764466422387429378, 1766061238275637249);
INSERT INTO `wms`.`tb_role_menu` (`id`, `role_id`, `menu_id`) VALUES (1766272288635768845, 1764466422387429378, 1762375901124878338);
INSERT INTO `wms`.`tb_role_menu` (`id`, `role_id`, `menu_id`) VALUES (1766272288635768846, 1764466422387429378, 1766061864980152321);
INSERT INTO `wms`.`tb_role_menu` (`id`, `role_id`, `menu_id`) VALUES (1766272288635768847, 1764466422387429378, 1766062062724808706);
INSERT INTO `wms`.`tb_role_menu` (`id`, `role_id`, `menu_id`) VALUES (1766272288635768848, 1764466422387429378, 1766062516586250242);
INSERT INTO `wms`.`tb_role_menu` (`id`, `role_id`, `menu_id`) VALUES (1766272288635768849, 1764466422387429378, 1766062598421315585);
INSERT INTO `wms`.`tb_role_menu` (`id`, `role_id`, `menu_id`) VALUES (1766272288635768850, 1764466422387429378, 1762381429339185154);
INSERT INTO `wms`.`tb_role_menu` (`id`, `role_id`, `menu_id`) VALUES (1766272288635768851, 1764466422387429378, 1762381432040316930);
INSERT INTO `wms`.`tb_role_menu` (`id`, `role_id`, `menu_id`) VALUES (1766272288635768852, 1764466422387429378, 1762381432040316931);
INSERT INTO `wms`.`tb_role_menu` (`id`, `role_id`, `menu_id`) VALUES (1766272288635768853, 1764466422387429378, 1762381432103231489);
INSERT INTO `wms`.`tb_role_menu` (`id`, `role_id`, `menu_id`) VALUES (1766272288635768854, 1764466422387429378, 1762386056310718465);
INSERT INTO `wms`.`tb_role_menu` (`id`, `role_id`, `menu_id`) VALUES (1766272288635768855, 1764466422387429378, 1762386059057987586);
INSERT INTO `wms`.`tb_role_menu` (`id`, `role_id`, `menu_id`) VALUES (1766272288635768856, 1764466422387429378, 1762386059120902145);
INSERT INTO `wms`.`tb_role_menu` (`id`, `role_id`, `menu_id`) VALUES (1766272288635768857, 1764466422387429378, 1762386059120902146);
INSERT INTO `wms`.`tb_role_menu` (`id`, `role_id`, `menu_id`) VALUES (1766272288635768858, 1764466422387429378, 1762391087164542978);
INSERT INTO `wms`.`tb_role_menu` (`id`, `role_id`, `menu_id`) VALUES (1766272288635768859, 1764466422387429378, 1762391090016669697);
INSERT INTO `wms`.`tb_role_menu` (`id`, `role_id`, `menu_id`) VALUES (1766272288635768860, 1764466422387429378, 1766064317062545410);
INSERT INTO `wms`.`tb_role_menu` (`id`, `role_id`, `menu_id`) VALUES (1766272288690294785, 1764466422387429378, 1766064497388257281);
INSERT INTO `wms`.`tb_role_menu` (`id`, `role_id`, `menu_id`) VALUES (1766272288690294786, 1764466422387429378, 1766064582658457602);
INSERT INTO `wms`.`tb_role_menu` (`id`, `role_id`, `menu_id`) VALUES (1766272288690294787, 1764466422387429378, 1766064671200215042);
INSERT INTO `wms`.`tb_role_menu` (`id`, `role_id`, `menu_id`) VALUES (1766272288690294788, 1764466422387429378, 1762391090016669698);
INSERT INTO `wms`.`tb_role_menu` (`id`, `role_id`, `menu_id`) VALUES (1766272288690294789, 1764466422387429378, 1766065363012911105);
INSERT INTO `wms`.`tb_role_menu` (`id`, `role_id`, `menu_id`) VALUES (1766272288690294790, 1764466422387429378, 1766065518055358465);
INSERT INTO `wms`.`tb_role_menu` (`id`, `role_id`, `menu_id`) VALUES (1766272288690294791, 1764466422387429378, 1762391090079584258);
INSERT INTO `wms`.`tb_role_menu` (`id`, `role_id`, `menu_id`) VALUES (1766272288690294792, 1764466422387429378, 1766064935722385409);
INSERT INTO `wms`.`tb_role_menu` (`id`, `role_id`, `menu_id`) VALUES (1766272288690294793, 1764466422387429378, 1766065030303940609);
INSERT INTO `wms`.`tb_role_menu` (`id`, `role_id`, `menu_id`) VALUES (1766272288690294794, 1764466422387429378, 1766065124466065409);
INSERT INTO `wms`.`tb_role_menu` (`id`, `role_id`, `menu_id`) VALUES (1766272288690294795, 1764466422387429378, 1766065193764356098);
INSERT INTO `wms`.`tb_role_menu` (`id`, `role_id`, `menu_id`) VALUES (1766272288690294796, 1764466422387429378, 1762391090079584259);
INSERT INTO `wms`.`tb_role_menu` (`id`, `role_id`, `menu_id`) VALUES (1766272288690294797, 1764466422387429378, 1766071411337633794);
INSERT INTO `wms`.`tb_role_menu` (`id`, `role_id`, `menu_id`) VALUES (1766272288690294798, 1764466422387429378, 1766071465267994625);
INSERT INTO `wms`.`tb_role_menu` (`id`, `role_id`, `menu_id`) VALUES (1766272288690294799, 1764466422387429378, 1766071557005811713);
INSERT INTO `wms`.`tb_role_menu` (`id`, `role_id`, `menu_id`) VALUES (1766272288690294800, 1764466422387429378, 1766071625356189698);
INSERT INTO `wms`.`tb_role_menu` (`id`, `role_id`, `menu_id`) VALUES (1766272288690294801, 1764466422387429378, 1766071781484961794);
INSERT INTO `wms`.`tb_role_menu` (`id`, `role_id`, `menu_id`) VALUES (1766272288690294802, 1764466422387429378, 1762393405737930753);
INSERT INTO `wms`.`tb_role_menu` (`id`, `role_id`, `menu_id`) VALUES (1766272288690294803, 1764466422387429378, 1762393408611028994);
INSERT INTO `wms`.`tb_role_menu` (`id`, `role_id`, `menu_id`) VALUES (1766272288690294804, 1764466422387429378, 1762396480620007426);
INSERT INTO `wms`.`tb_role_menu` (`id`, `role_id`, `menu_id`) VALUES (1766272288690294805, 1764466422387429378, 1762396486714331138);
INSERT INTO `wms`.`tb_role_menu` (`id`, `role_id`, `menu_id`) VALUES (1766272288690294806, 1764466422387429378, 1766088235727015938);
INSERT INTO `wms`.`tb_role_menu` (`id`, `role_id`, `menu_id`) VALUES (1766272288690294807, 1764466422387429378, 1766088542154477570);
INSERT INTO `wms`.`tb_role_menu` (`id`, `role_id`, `menu_id`) VALUES (1766272288690294808, 1764466422387429378, 1766088696563585026);
INSERT INTO `wms`.`tb_role_menu` (`id`, `role_id`, `menu_id`) VALUES (1766272288690294809, 1764466422387429378, 1766088780223172610);
INSERT INTO `wms`.`tb_role_menu` (`id`, `role_id`, `menu_id`) VALUES (1766272288690294810, 1764466422387429378, 1762396486777245698);
INSERT INTO `wms`.`tb_role_menu` (`id`, `role_id`, `menu_id`) VALUES (1766272288690294811, 1764466422387429378, 1766088938138718209);
INSERT INTO `wms`.`tb_role_menu` (`id`, `role_id`, `menu_id`) VALUES (1766272288690294812, 1764466422387429378, 1766089033060012034);
INSERT INTO `wms`.`tb_role_menu` (`id`, `role_id`, `menu_id`) VALUES (1766272288690294813, 1764466422387429378, 1766089111552217089);
INSERT INTO `wms`.`tb_role_menu` (`id`, `role_id`, `menu_id`) VALUES (1766272288690294814, 1764466422387429378, 1766089194616213505);
INSERT INTO `wms`.`tb_role_menu` (`id`, `role_id`, `menu_id`) VALUES (1766272288690294815, 1764466422387429378, 1762396486835965953);
INSERT INTO `wms`.`tb_role_menu` (`id`, `role_id`, `menu_id`) VALUES (1766272288690294816, 1764466422387429378, 1766089271703326721);
INSERT INTO `wms`.`tb_role_menu` (`id`, `role_id`, `menu_id`) VALUES (1766272288690294817, 1764466422387429378, 1766089364284198913);
INSERT INTO `wms`.`tb_role_menu` (`id`, `role_id`, `menu_id`) VALUES (1766272288690294818, 1764466422387429378, 1766089440930910209);
INSERT INTO `wms`.`tb_role_menu` (`id`, `role_id`, `menu_id`) VALUES (1766272288690294819, 1764466422387429378, 1766089542051385346);
INSERT INTO `wms`.`tb_role_menu` (`id`, `role_id`, `menu_id`) VALUES (1766272288690294820, 1764466422387429378, 1766090065198534658);
INSERT INTO `wms`.`tb_role_menu` (`id`, `role_id`, `menu_id`) VALUES (1766272563291377666, 1764523146930573314, 1762375898201448450);
INSERT INTO `wms`.`tb_role_menu` (`id`, `role_id`, `menu_id`) VALUES (1766272563291377667, 1764523146930573314, 1762375901124878338);
INSERT INTO `wms`.`tb_role_menu` (`id`, `role_id`, `menu_id`) VALUES (1766272563291377668, 1764523146930573314, 1762391087164542978);
INSERT INTO `wms`.`tb_role_menu` (`id`, `role_id`, `menu_id`) VALUES (1766272563291377669, 1764523146930573314, 1762391090016669697);
INSERT INTO `wms`.`tb_role_menu` (`id`, `role_id`, `menu_id`) VALUES (1766272563291377670, 1764523146930573314, 1762391090016669698);
INSERT INTO `wms`.`tb_role_menu` (`id`, `role_id`, `menu_id`) VALUES (1766272563291377671, 1764523146930573314, 1762391090079584258);
INSERT INTO `wms`.`tb_role_menu` (`id`, `role_id`, `menu_id`) VALUES (1766272563291377672, 1764523146930573314, 1762375901124878337);
INSERT INTO `wms`.`tb_role_menu` (`id`, `role_id`, `menu_id`) VALUES (1766272563291377673, 1764523146930573314, 1766060244514996225);
INSERT INTO `wms`.`tb_role_menu` (`id`, `role_id`, `menu_id`) VALUES (1766272563291377674, 1764523146930573314, 1766060315226767361);
INSERT INTO `wms`.`tb_role_menu` (`id`, `role_id`, `menu_id`) VALUES (1766272563291377675, 1764523146930573314, 1766060915968540673);
INSERT INTO `wms`.`tb_role_menu` (`id`, `role_id`, `menu_id`) VALUES (1766272563291377676, 1764523146930573314, 1766061238275637249);
INSERT INTO `wms`.`tb_role_menu` (`id`, `role_id`, `menu_id`) VALUES (1766272563291377677, 1764523146930573314, 1766061864980152321);
INSERT INTO `wms`.`tb_role_menu` (`id`, `role_id`, `menu_id`) VALUES (1766272563291377678, 1764523146930573314, 1762386056310718465);
INSERT INTO `wms`.`tb_role_menu` (`id`, `role_id`, `menu_id`) VALUES (1766272563291377679, 1764523146930573314, 1762386059057987586);
INSERT INTO `wms`.`tb_role_menu` (`id`, `role_id`, `menu_id`) VALUES (1766272563291377680, 1764523146930573314, 1762386059120902145);
INSERT INTO `wms`.`tb_role_menu` (`id`, `role_id`, `menu_id`) VALUES (1766272563291377681, 1764523146930573314, 1762386059120902146);
INSERT INTO `wms`.`tb_role_menu` (`id`, `role_id`, `menu_id`) VALUES (1766272563291377682, 1764523146930573314, 1766064317062545410);
INSERT INTO `wms`.`tb_role_menu` (`id`, `role_id`, `menu_id`) VALUES (1766272563291377683, 1764523146930573314, 1766065363012911105);
INSERT INTO `wms`.`tb_role_menu` (`id`, `role_id`, `menu_id`) VALUES (1766272563291377684, 1764523146930573314, 1766064935722385409);
INSERT INTO `wms`.`tb_role_menu` (`id`, `role_id`, `menu_id`) VALUES (1766272563291377685, 1764523146930573314, 1762393405737930753);
INSERT INTO `wms`.`tb_role_menu` (`id`, `role_id`, `menu_id`) VALUES (1766272563291377686, 1764523146930573314, 1762393408611028994);
INSERT INTO `wms`.`tb_role_menu` (`id`, `role_id`, `menu_id`) VALUES (1766272935791710209, 1764583335356657665, 1762375898201448450);
INSERT INTO `wms`.`tb_role_menu` (`id`, `role_id`, `menu_id`) VALUES (1766272935791710210, 1764583335356657665, 1762391087164542978);
INSERT INTO `wms`.`tb_role_menu` (`id`, `role_id`, `menu_id`) VALUES (1766272935791710211, 1764583335356657665, 1762391090016669697);
INSERT INTO `wms`.`tb_role_menu` (`id`, `role_id`, `menu_id`) VALUES (1766272935791710212, 1764583335356657665, 1762391090016669698);
INSERT INTO `wms`.`tb_role_menu` (`id`, `role_id`, `menu_id`) VALUES (1766272935791710213, 1764583335356657665, 1762391090079584258);
INSERT INTO `wms`.`tb_role_menu` (`id`, `role_id`, `menu_id`) VALUES (1766272935791710214, 1764583335356657665, 1762375901124878338);
INSERT INTO `wms`.`tb_role_menu` (`id`, `role_id`, `menu_id`) VALUES (1766272935791710215, 1764583335356657665, 1766061864980152321);
INSERT INTO `wms`.`tb_role_menu` (`id`, `role_id`, `menu_id`) VALUES (1766272935791710216, 1764583335356657665, 1766062062724808706);
INSERT INTO `wms`.`tb_role_menu` (`id`, `role_id`, `menu_id`) VALUES (1766272935791710217, 1764583335356657665, 1766062516586250242);
INSERT INTO `wms`.`tb_role_menu` (`id`, `role_id`, `menu_id`) VALUES (1766272935791710218, 1764583335356657665, 1766062598421315585);
INSERT INTO `wms`.`tb_role_menu` (`id`, `role_id`, `menu_id`) VALUES (1766272935791710219, 1764583335356657665, 1762381429339185154);
INSERT INTO `wms`.`tb_role_menu` (`id`, `role_id`, `menu_id`) VALUES (1766272935791710220, 1764583335356657665, 1762381432040316930);
INSERT INTO `wms`.`tb_role_menu` (`id`, `role_id`, `menu_id`) VALUES (1766272935791710221, 1764583335356657665, 1762381432040316931);
INSERT INTO `wms`.`tb_role_menu` (`id`, `role_id`, `menu_id`) VALUES (1766272935791710222, 1764583335356657665, 1762381432103231489);
INSERT INTO `wms`.`tb_role_menu` (`id`, `role_id`, `menu_id`) VALUES (1766272935791710223, 1764583335356657665, 1766064317062545410);
INSERT INTO `wms`.`tb_role_menu` (`id`, `role_id`, `menu_id`) VALUES (1766272935791710224, 1764583335356657665, 1766065363012911105);
INSERT INTO `wms`.`tb_role_menu` (`id`, `role_id`, `menu_id`) VALUES (1766272935791710225, 1764583335356657665, 1766064935722385409);
INSERT INTO `wms`.`tb_role_menu` (`id`, `role_id`, `menu_id`) VALUES (1766272935791710226, 1764583335356657665, 1762393405737930753);
INSERT INTO `wms`.`tb_role_menu` (`id`, `role_id`, `menu_id`) VALUES (1766272935791710227, 1764583335356657665, 1762393408611028994);
INSERT INTO `wms`.`tb_role_menu` (`id`, `role_id`, `menu_id`) VALUES (1766273184765595649, 1766067267948347393, 1762391087164542978);
INSERT INTO `wms`.`tb_role_menu` (`id`, `role_id`, `menu_id`) VALUES (1766273184765595650, 1766067267948347393, 1762391090016669697);
INSERT INTO `wms`.`tb_role_menu` (`id`, `role_id`, `menu_id`) VALUES (1766273184765595651, 1766067267948347393, 1766064317062545410);
INSERT INTO `wms`.`tb_role_menu` (`id`, `role_id`, `menu_id`) VALUES (1766273184765595652, 1766067267948347393, 1766064497388257281);
INSERT INTO `wms`.`tb_role_menu` (`id`, `role_id`, `menu_id`) VALUES (1766273184765595653, 1766067267948347393, 1766064582658457602);
INSERT INTO `wms`.`tb_role_menu` (`id`, `role_id`, `menu_id`) VALUES (1766273184765595654, 1766067267948347393, 1766064671200215042);
INSERT INTO `wms`.`tb_role_menu` (`id`, `role_id`, `menu_id`) VALUES (1766273184765595655, 1766067267948347393, 1762391090016669698);
INSERT INTO `wms`.`tb_role_menu` (`id`, `role_id`, `menu_id`) VALUES (1766273184765595656, 1766067267948347393, 1766065363012911105);
INSERT INTO `wms`.`tb_role_menu` (`id`, `role_id`, `menu_id`) VALUES (1766273184765595657, 1766067267948347393, 1766065518055358465);
INSERT INTO `wms`.`tb_role_menu` (`id`, `role_id`, `menu_id`) VALUES (1766273184765595658, 1766067267948347393, 1762391090079584258);
INSERT INTO `wms`.`tb_role_menu` (`id`, `role_id`, `menu_id`) VALUES (1766273184765595659, 1766067267948347393, 1766064935722385409);
INSERT INTO `wms`.`tb_role_menu` (`id`, `role_id`, `menu_id`) VALUES (1766273184765595660, 1766067267948347393, 1766065030303940609);
INSERT INTO `wms`.`tb_role_menu` (`id`, `role_id`, `menu_id`) VALUES (1766273184765595661, 1766067267948347393, 1766065124466065409);
INSERT INTO `wms`.`tb_role_menu` (`id`, `role_id`, `menu_id`) VALUES (1766273184765595662, 1766067267948347393, 1766065193764356098);
INSERT INTO `wms`.`tb_role_menu` (`id`, `role_id`, `menu_id`) VALUES (1766273184765595663, 1766067267948347393, 1762391090079584259);
INSERT INTO `wms`.`tb_role_menu` (`id`, `role_id`, `menu_id`) VALUES (1766273184765595664, 1766067267948347393, 1766071411337633794);
INSERT INTO `wms`.`tb_role_menu` (`id`, `role_id`, `menu_id`) VALUES (1766273184765595665, 1766067267948347393, 1766071465267994625);
INSERT INTO `wms`.`tb_role_menu` (`id`, `role_id`, `menu_id`) VALUES (1766273184765595666, 1766067267948347393, 1766071557005811713);
INSERT INTO `wms`.`tb_role_menu` (`id`, `role_id`, `menu_id`) VALUES (1766273184765595667, 1766067267948347393, 1766071625356189698);
INSERT INTO `wms`.`tb_role_menu` (`id`, `role_id`, `menu_id`) VALUES (1766273184765595668, 1766067267948347393, 1766071781484961794);
INSERT INTO `wms`.`tb_role_menu` (`id`, `role_id`, `menu_id`) VALUES (1766273184765595669, 1766067267948347393, 1762393405737930753);
INSERT INTO `wms`.`tb_role_menu` (`id`, `role_id`, `menu_id`) VALUES (1766273184765595670, 1766067267948347393, 1762393408611028994);

# tb_dict_type字典表
INSERT INTO `wms`.`tb_dict_type` (`id`, `name`, `code`, `remark`, `order_num`, `status`, `creator`, `create_time`, `updater`, `update_time`) VALUES (1763101079999983618, '基础状态', 'sys_normal_disable', '系统中绝大多数状态标识', 1, '0', '管理员', '2024-02-29 15:17:09', '管理员', '2024-02-29 15:17:09');
INSERT INTO `wms`.`tb_dict_type` (`id`, `name`, `code`, `remark`, `order_num`, `status`, `creator`, `create_time`, `updater`, `update_time`) VALUES (1764545810445492225, '用户性别', 'sys_gender', '系统中用户的性别（勿动）', 2, '0', '管理员', '2024-03-04 14:58:00', '管理员', '2024-03-04 14:58:00');
INSERT INTO `wms`.`tb_dict_type` (`id`, `name`, `code`, `remark`, `order_num`, `status`, `creator`, `create_time`, `updater`, `update_time`) VALUES (1765018242889351169, '货物品牌', 'sys_inventory_brand', '货物的所有品牌', 3, '0', '管理员', '2024-03-05 22:15:16', '管理员', '2024-03-05 22:15:16');
INSERT INTO `wms`.`tb_dict_type` (`id`, `name`, `code`, `remark`, `order_num`, `status`, `creator`, `create_time`, `updater`, `update_time`) VALUES (1765019700279967745, '货物规格', 'sys_inventory_spec', '货物的相关，例：1x1,1x2', 4, '0', '管理员', '2024-03-05 22:21:04', '管理员', '2024-03-05 22:21:04');
INSERT INTO `wms`.`tb_dict_type` (`id`, `name`, `code`, `remark`, `order_num`, `status`, `creator`, `create_time`, `updater`, `update_time`) VALUES (1765020379685912577, '货物单位', 'sys_inventory_unit', '货物单位', 5, '0', '管理员', '2024-03-05 22:23:46', '管理员', '2024-03-05 22:23:46');
INSERT INTO `wms`.`tb_dict_type` (`id`, `name`, `code`, `remark`, `order_num`, `status`, `creator`, `create_time`, `updater`, `update_time`) VALUES (1765023847481933826, '货物分类', 'sys_inventory_category', '货物分类', 6, '0', '管理员', '2024-03-05 22:37:32', '管理员', '2024-03-05 22:37:32');
INSERT INTO `wms`.`tb_dict_type` (`id`, `name`, `code`, `remark`, `order_num`, `status`, `creator`, `create_time`, `updater`, `update_time`) VALUES (1765357426942431233, '库存盘点类型', 'sys_inventory_check_type', '库存盘点的类型，主要用于标识盘点是怎么样的形式进行盘点的', 7, '0', '管理员', '2024-03-06 20:43:04', '管理员', '2024-03-06 20:43:04');
INSERT INTO `wms`.`tb_dict_type` (`id`, `name`, `code`, `remark`, `order_num`, `status`, `creator`, `create_time`, `updater`, `update_time`) VALUES (1765357985401425921, '库存盘点状态', 'sys_inventory_check_status', '标识库存盘点进行到什么状态\n', 8, '0', '管理员', '2024-03-06 20:45:17', '管理员', '2024-03-06 20:45:17');
INSERT INTO `wms`.`tb_dict_type` (`id`, `name`, `code`, `remark`, `order_num`, `status`, `creator`, `create_time`, `updater`, `update_time`) VALUES (1767903165165920258, '采购单状态', 'purchase_order_status', '采购订单的状态', 9, '0', '管理员', '2024-03-13 21:18:55', '管理员', '2024-03-13 21:18:55');
INSERT INTO `wms`.`tb_dict_type` (`id`, `name`, `code`, `remark`, `order_num`, `status`, `creator`, `create_time`, `updater`, `update_time`) VALUES (1768167886330859521, '订单货物类型', 'order_detail_type', '订单货物类型分别为进货，退货，送货', 11, '0', '管理员', '2024-03-14 14:50:50', '管理员', '2024-03-14 14:50:50');
INSERT INTO `wms`.`tb_dict_type` (`id`, `name`, `code`, `remark`, `order_num`, `status`, `creator`, `create_time`, `updater`, `update_time`) VALUES (1768279391248338946, '销售单状态', 'sale_order_status', '销售订单的状态\n', 10, '0', '管理员', '2024-03-14 22:13:55', '管理员', '2024-03-14 22:13:55');

# tb_dict_item字典项表
INSERT INTO `wms`.`tb_dict_item` (`id`, `type_id`, `type_code`, `label`, `value`, `order_num`, `status`, `remark`, `list_class`, `creator`, `create_time`, `updater`, `update_time`) VALUES (1763398463608126978, 1763101079999983618, 'sys_normal_disable', '正常', '0', 1, '0', NULL, 'primary', 'admin', '2024-02-29 15:19:54', 'admin', '2024-02-29 15:19:58');
INSERT INTO `wms`.`tb_dict_item` (`id`, `type_id`, `type_code`, `label`, `value`, `order_num`, `status`, `remark`, `list_class`, `creator`, `create_time`, `updater`, `update_time`) VALUES (1763398463908126123, 1763101079999983618, 'sys_normal_disable', '停用', '1', 2, '0', NULL, 'danger', 'admin', '2024-02-29 15:19:54', 'admin', '2024-02-29 15:19:58');
INSERT INTO `wms`.`tb_dict_item` (`id`, `type_id`, `type_code`, `label`, `value`, `order_num`, `status`, `remark`, `list_class`, `creator`, `create_time`, `updater`, `update_time`) VALUES (1764545942553485314, 1764545810445492225, 'sys_gender', '男', '1', 2, '0', NULL, 'primary', '管理员', '2024-03-04 14:58:31', '管理员', '2024-03-04 14:58:31');
INSERT INTO `wms`.`tb_dict_item` (`id`, `type_id`, `type_code`, `label`, `value`, `order_num`, `status`, `remark`, `list_class`, `creator`, `create_time`, `updater`, `update_time`) VALUES (1764545971620012033, 1764545810445492225, 'sys_gender', '女', '0', 1, '0', NULL, 'danger', '管理员', '2024-03-04 14:58:38', '管理员', '2024-03-04 14:58:38');
INSERT INTO `wms`.`tb_dict_item` (`id`, `type_id`, `type_code`, `label`, `value`, `order_num`, `status`, `remark`, `list_class`, `creator`, `create_time`, `updater`, `update_time`) VALUES (1764546014645182465, 1764545810445492225, 'sys_gender', '未知', '2', 3, '0', NULL, 'default', '管理员', '2024-03-04 14:58:48', '管理员', '2024-03-04 14:58:48');
INSERT INTO `wms`.`tb_dict_item` (`id`, `type_id`, `type_code`, `label`, `value`, `order_num`, `status`, `remark`, `list_class`, `creator`, `create_time`, `updater`, `update_time`) VALUES (1765019764696088578, 1765019700279967745, 'sys_inventory_spec', '1x1', '1', 1, '0', NULL, 'default', '管理员', '2024-03-05 22:21:19', '管理员', '2024-03-05 22:21:19');
INSERT INTO `wms`.`tb_dict_item` (`id`, `type_id`, `type_code`, `label`, `value`, `order_num`, `status`, `remark`, `list_class`, `creator`, `create_time`, `updater`, `update_time`) VALUES (1765019783562067969, 1765019700279967745, 'sys_inventory_spec', '1x2', '2', 2, '0', NULL, 'default', '管理员', '2024-03-05 22:21:24', '管理员', '2024-03-05 22:21:24');
INSERT INTO `wms`.`tb_dict_item` (`id`, `type_id`, `type_code`, `label`, `value`, `order_num`, `status`, `remark`, `list_class`, `creator`, `create_time`, `updater`, `update_time`) VALUES (1765019804894298113, 1765019700279967745, 'sys_inventory_spec', '1x3', '3', 3, '0', NULL, 'default', '管理员', '2024-03-05 22:21:29', '管理员', '2024-03-05 22:21:29');
INSERT INTO `wms`.`tb_dict_item` (`id`, `type_id`, `type_code`, `label`, `value`, `order_num`, `status`, `remark`, `list_class`, `creator`, `create_time`, `updater`, `update_time`) VALUES (1765019824624304130, 1765019700279967745, 'sys_inventory_spec', '1x4', '4', 4, '0', NULL, 'default', '管理员', '2024-03-05 22:21:33', '管理员', '2024-03-05 22:21:33');
INSERT INTO `wms`.`tb_dict_item` (`id`, `type_id`, `type_code`, `label`, `value`, `order_num`, `status`, `remark`, `list_class`, `creator`, `create_time`, `updater`, `update_time`) VALUES (1765019844148789249, 1765019700279967745, 'sys_inventory_spec', '1x5', '5', 5, '0', NULL, 'default', '管理员', '2024-03-05 22:21:38', '管理员', '2024-03-05 22:21:38');
INSERT INTO `wms`.`tb_dict_item` (`id`, `type_id`, `type_code`, `label`, `value`, `order_num`, `status`, `remark`, `list_class`, `creator`, `create_time`, `updater`, `update_time`) VALUES (1765019869444636674, 1765019700279967745, 'sys_inventory_spec', '1x6', '6', 6, '0', NULL, 'default', '管理员', '2024-03-05 22:21:44', '管理员', '2024-03-05 22:21:44');
INSERT INTO `wms`.`tb_dict_item` (`id`, `type_id`, `type_code`, `label`, `value`, `order_num`, `status`, `remark`, `list_class`, `creator`, `create_time`, `updater`, `update_time`) VALUES (1765019936981319682, 1765019700279967745, 'sys_inventory_spec', '1x7', '7', 7, '0', NULL, 'default', '管理员', '2024-03-05 22:22:00', '管理员', '2024-03-05 22:22:00');
INSERT INTO `wms`.`tb_dict_item` (`id`, `type_id`, `type_code`, `label`, `value`, `order_num`, `status`, `remark`, `list_class`, `creator`, `create_time`, `updater`, `update_time`) VALUES (1765019958112223233, 1765019700279967745, 'sys_inventory_spec', '1x8', '8', 8, '0', NULL, 'default', '管理员', '2024-03-05 22:22:05', '管理员', '2024-03-05 22:22:05');
INSERT INTO `wms`.`tb_dict_item` (`id`, `type_id`, `type_code`, `label`, `value`, `order_num`, `status`, `remark`, `list_class`, `creator`, `create_time`, `updater`, `update_time`) VALUES (1765019979255709698, 1765019700279967745, 'sys_inventory_spec', '1x9', '9', 9, '0', NULL, 'default', '管理员', '2024-03-05 22:22:10', '管理员', '2024-03-05 22:22:10');
INSERT INTO `wms`.`tb_dict_item` (`id`, `type_id`, `type_code`, `label`, `value`, `order_num`, `status`, `remark`, `list_class`, `creator`, `create_time`, `updater`, `update_time`) VALUES (1765020002357936129, 1765019700279967745, 'sys_inventory_spec', '1x10', '10', 10, '0', NULL, 'default', '管理员', '2024-03-05 22:22:16', '管理员', '2024-03-05 22:22:16');
INSERT INTO `wms`.`tb_dict_item` (`id`, `type_id`, `type_code`, `label`, `value`, `order_num`, `status`, `remark`, `list_class`, `creator`, `create_time`, `updater`, `update_time`) VALUES (1765020022108913666, 1765019700279967745, 'sys_inventory_spec', '1x11', '11', 11, '0', NULL, 'default', '管理员', '2024-03-05 22:22:20', '管理员', '2024-03-05 22:22:20');
INSERT INTO `wms`.`tb_dict_item` (`id`, `type_id`, `type_code`, `label`, `value`, `order_num`, `status`, `remark`, `list_class`, `creator`, `create_time`, `updater`, `update_time`) VALUES (1765020043063656450, 1765019700279967745, 'sys_inventory_spec', '1x12', '12', 12, '0', NULL, 'default', '管理员', '2024-03-05 22:22:25', '管理员', '2024-03-05 22:22:25');
INSERT INTO `wms`.`tb_dict_item` (`id`, `type_id`, `type_code`, `label`, `value`, `order_num`, `status`, `remark`, `list_class`, `creator`, `create_time`, `updater`, `update_time`) VALUES (1765020473923534849, 1765020379685912577, 'sys_inventory_unit', '件', '1', 1, '0', NULL, 'default', '管理员', '2024-03-05 22:24:08', '管理员', '2024-03-05 22:24:08');
INSERT INTO `wms`.`tb_dict_item` (`id`, `type_id`, `type_code`, `label`, `value`, `order_num`, `status`, `remark`, `list_class`, `creator`, `create_time`, `updater`, `update_time`) VALUES (1765020504093163522, 1765020379685912577, 'sys_inventory_unit', '瓶', '2', 2, '0', NULL, 'default', '管理员', '2024-03-05 22:24:15', '管理员', '2024-03-05 22:24:15');
INSERT INTO `wms`.`tb_dict_item` (`id`, `type_id`, `type_code`, `label`, `value`, `order_num`, `status`, `remark`, `list_class`, `creator`, `create_time`, `updater`, `update_time`) VALUES (1765020528323657729, 1765020379685912577, 'sys_inventory_unit', '箱', '3', 3, '0', NULL, 'default', '管理员', '2024-03-05 22:24:21', '管理员', '2024-03-05 22:24:21');
INSERT INTO `wms`.`tb_dict_item` (`id`, `type_id`, `type_code`, `label`, `value`, `order_num`, `status`, `remark`, `list_class`, `creator`, `create_time`, `updater`, `update_time`) VALUES (1765023897985548289, 1765023847481933826, 'sys_inventory_category', '饮料', '1', 1, '0', NULL, 'default', '管理员', '2024-03-05 22:37:45', '管理员', '2024-03-05 22:37:45');
INSERT INTO `wms`.`tb_dict_item` (`id`, `type_id`, `type_code`, `label`, `value`, `order_num`, `status`, `remark`, `list_class`, `creator`, `create_time`, `updater`, `update_time`) VALUES (1765023944588460033, 1765023847481933826, 'sys_inventory_category', '酒水', '2', 2, '0', NULL, 'default', '管理员', '2024-03-05 22:37:56', '管理员', '2024-03-05 22:37:56');
INSERT INTO `wms`.`tb_dict_item` (`id`, `type_id`, `type_code`, `label`, `value`, `order_num`, `status`, `remark`, `list_class`, `creator`, `create_time`, `updater`, `update_time`) VALUES (1765023985260625921, 1765023847481933826, 'sys_inventory_category', '日用品', '3', 3, '0', NULL, 'default', '管理员', '2024-03-05 22:38:05', '管理员', '2024-03-05 22:38:05');
INSERT INTO `wms`.`tb_dict_item` (`id`, `type_id`, `type_code`, `label`, `value`, `order_num`, `status`, `remark`, `list_class`, `creator`, `create_time`, `updater`, `update_time`) VALUES (1765052214117679105, 1765020379685912577, 'sys_inventory_unit', '袋', '4', 4, '0', NULL, 'default', '管理员', '2024-03-06 00:30:16', '管理员', '2024-03-06 00:30:16');
INSERT INTO `wms`.`tb_dict_item` (`id`, `type_id`, `type_code`, `label`, `value`, `order_num`, `status`, `remark`, `list_class`, `creator`, `create_time`, `updater`, `update_time`) VALUES (1765052267695718401, 1765020379685912577, 'sys_inventory_unit', '小袋', '5', 5, '0', NULL, 'default', '管理员', '2024-03-06 00:30:28', '管理员', '2024-03-06 00:30:28');
INSERT INTO `wms`.`tb_dict_item` (`id`, `type_id`, `type_code`, `label`, `value`, `order_num`, `status`, `remark`, `list_class`, `creator`, `create_time`, `updater`, `update_time`) VALUES (1765052289715814401, 1765020379685912577, 'sys_inventory_unit', '大袋', '6', 6, '0', NULL, 'default', '管理员', '2024-03-06 00:30:34', '管理员', '2024-03-06 00:30:34');
INSERT INTO `wms`.`tb_dict_item` (`id`, `type_id`, `type_code`, `label`, `value`, `order_num`, `status`, `remark`, `list_class`, `creator`, `create_time`, `updater`, `update_time`) VALUES (1765052339707723778, 1765020379685912577, 'sys_inventory_unit', '桶', '7', 7, '0', NULL, 'default', '管理员', '2024-03-06 00:30:46', '管理员', '2024-03-06 00:30:46');
INSERT INTO `wms`.`tb_dict_item` (`id`, `type_id`, `type_code`, `label`, `value`, `order_num`, `status`, `remark`, `list_class`, `creator`, `create_time`, `updater`, `update_time`) VALUES (1765052454828785665, 1765020379685912577, 'sys_inventory_unit', '卷', '8', 8, '0', NULL, 'default', '管理员', '2024-03-06 00:31:13', '管理员', '2024-03-06 00:31:13');
INSERT INTO `wms`.`tb_dict_item` (`id`, `type_id`, `type_code`, `label`, `value`, `order_num`, `status`, `remark`, `list_class`, `creator`, `create_time`, `updater`, `update_time`) VALUES (1765052515826548738, 1765020379685912577, 'sys_inventory_unit', '包', '9', 9, '0', NULL, 'default', '管理员', '2024-03-06 00:31:28', '管理员', '2024-03-06 00:31:28');
INSERT INTO `wms`.`tb_dict_item` (`id`, `type_id`, `type_code`, `label`, `value`, `order_num`, `status`, `remark`, `list_class`, `creator`, `create_time`, `updater`, `update_time`) VALUES (1765052589168148482, 1765023847481933826, 'sys_inventory_category', '水果', '4', 4, '0', NULL, 'default', '管理员', '2024-03-06 00:31:45', '管理员', '2024-03-06 00:31:45');
INSERT INTO `wms`.`tb_dict_item` (`id`, `type_id`, `type_code`, `label`, `value`, `order_num`, `status`, `remark`, `list_class`, `creator`, `create_time`, `updater`, `update_time`) VALUES (1765052621539786754, 1765023847481933826, 'sys_inventory_category', '蔬菜', '5', 5, '0', NULL, 'default', '管理员', '2024-03-06 00:31:53', '管理员', '2024-03-06 00:31:53');
INSERT INTO `wms`.`tb_dict_item` (`id`, `type_id`, `type_code`, `label`, `value`, `order_num`, `status`, `remark`, `list_class`, `creator`, `create_time`, `updater`, `update_time`) VALUES (1765052786627592193, 1765023847481933826, 'sys_inventory_category', '护理品', '6', 6, '0', NULL, 'default', '管理员', '2024-03-06 00:32:32', '管理员', '2024-03-06 00:32:32');
INSERT INTO `wms`.`tb_dict_item` (`id`, `type_id`, `type_code`, `label`, `value`, `order_num`, `status`, `remark`, `list_class`, `creator`, `create_time`, `updater`, `update_time`) VALUES (1765052847394668546, 1765023847481933826, 'sys_inventory_category', '母婴用品', '7', 7, '0', NULL, 'default', '管理员', '2024-03-06 00:32:47', '管理员', '2024-03-06 00:32:47');
INSERT INTO `wms`.`tb_dict_item` (`id`, `type_id`, `type_code`, `label`, `value`, `order_num`, `status`, `remark`, `list_class`, `creator`, `create_time`, `updater`, `update_time`) VALUES (1765215426360483841, 1765020379685912577, 'sys_inventory_unit', '盆', '0', 1, '0', NULL, 'default', '管理员', '2024-03-06 11:18:48', '管理员', '2024-03-06 11:18:48');
INSERT INTO `wms`.`tb_dict_item` (`id`, `type_id`, `type_code`, `label`, `value`, `order_num`, `status`, `remark`, `list_class`, `creator`, `create_time`, `updater`, `update_time`) VALUES (1765357583050231809, 1765357426942431233, 'sys_inventory_check_type', '修改库存', '1', 1, '0', '只是修改部分库存的数据', 'default', '管理员', '2024-03-06 20:43:41', '管理员', '2024-03-06 20:43:41');
INSERT INTO `wms`.`tb_dict_item` (`id`, `type_id`, `type_code`, `label`, `value`, `order_num`, `status`, `remark`, `list_class`, `creator`, `create_time`, `updater`, `update_time`) VALUES (1765357639048384514, 1765357426942431233, 'sys_inventory_check_type', '全库盘点', '2', 2, '0', '确认全库的数据是否正确', 'default', '管理员', '2024-03-06 20:43:55', '管理员', '2024-03-06 20:43:55');
INSERT INTO `wms`.`tb_dict_item` (`id`, `type_id`, `type_code`, `label`, `value`, `order_num`, `status`, `remark`, `list_class`, `creator`, `create_time`, `updater`, `update_time`) VALUES (1765358128083259394, 1765357985401425921, 'sys_inventory_check_status', '新建', '1', 1, '0', '刚刚新建一个库存盘点\n可修改、可删除', 'info', '管理员', '2024-03-06 20:45:51', '管理员', '2024-03-06 20:45:51');
INSERT INTO `wms`.`tb_dict_item` (`id`, `type_id`, `type_code`, `label`, `value`, `order_num`, `status`, `remark`, `list_class`, `creator`, `create_time`, `updater`, `update_time`) VALUES (1765358304390828033, 1765357985401425921, 'sys_inventory_check_status', '已盘点', '2', 2, '0', '库存盘点已完成\n可修改，可删除', 'primary', '管理员', '2024-03-06 20:46:33', '管理员', '2024-03-06 20:46:33');
INSERT INTO `wms`.`tb_dict_item` (`id`, `type_id`, `type_code`, `label`, `value`, `order_num`, `status`, `remark`, `list_class`, `creator`, `create_time`, `updater`, `update_time`) VALUES (1765358575875543041, 1765357985401425921, 'sys_inventory_check_status', '已修正', '3', 3, '0', '已经对库存数据进行了修正\n只能查看不能修改和删除', 'success', '管理员', '2024-03-06 20:47:38', '管理员', '2024-03-06 20:47:38');
INSERT INTO `wms`.`tb_dict_item` (`id`, `type_id`, `type_code`, `label`, `value`, `order_num`, `status`, `remark`, `list_class`, `creator`, `create_time`, `updater`, `update_time`) VALUES (1767903259864915969, 1767903165165920258, 'purchase_order_status', '已新建', '1', 1, '0', NULL, 'info', '管理员', '2024-03-13 21:19:18', '管理员', '2024-03-13 21:19:18');
INSERT INTO `wms`.`tb_dict_item` (`id`, `type_id`, `type_code`, `label`, `value`, `order_num`, `status`, `remark`, `list_class`, `creator`, `create_time`, `updater`, `update_time`) VALUES (1767903528262623234, 1767903165165920258, 'purchase_order_status', '已收货', '2', 2, '0', NULL, 'primary', '管理员', '2024-03-13 21:20:22', '管理员', '2024-03-13 21:20:22');
INSERT INTO `wms`.`tb_dict_item` (`id`, `type_id`, `type_code`, `label`, `value`, `order_num`, `status`, `remark`, `list_class`, `creator`, `create_time`, `updater`, `update_time`) VALUES (1767903567663915009, 1767903165165920258, 'purchase_order_status', '已付款', '3', 3, '0', NULL, 'success', '管理员', '2024-03-13 21:20:31', '管理员', '2024-03-13 21:20:31');
INSERT INTO `wms`.`tb_dict_item` (`id`, `type_id`, `type_code`, `label`, `value`, `order_num`, `status`, `remark`, `list_class`, `creator`, `create_time`, `updater`, `update_time`) VALUES (1768167943390171138, 1768167886330859521, 'order_detail_type', '进货', '1', 1, '0', NULL, 'primary', '管理员', '2024-03-14 14:51:03', '管理员', '2024-03-14 14:51:03');
INSERT INTO `wms`.`tb_dict_item` (`id`, `type_id`, `type_code`, `label`, `value`, `order_num`, `status`, `remark`, `list_class`, `creator`, `create_time`, `updater`, `update_time`) VALUES (1768168001854574593, 1768167886330859521, 'order_detail_type', '退货', '2', 2, '0', NULL, 'warning', '管理员', '2024-03-14 14:51:17', '管理员', '2024-03-14 14:51:17');
INSERT INTO `wms`.`tb_dict_item` (`id`, `type_id`, `type_code`, `label`, `value`, `order_num`, `status`, `remark`, `list_class`, `creator`, `create_time`, `updater`, `update_time`) VALUES (1768168042287665153, 1768167886330859521, 'order_detail_type', '送货', '3', 3, '0', NULL, 'success', '管理员', '2024-03-14 14:51:27', '管理员', '2024-03-14 14:51:27');
INSERT INTO `wms`.`tb_dict_item` (`id`, `type_id`, `type_code`, `label`, `value`, `order_num`, `status`, `remark`, `list_class`, `creator`, `create_time`, `updater`, `update_time`) VALUES (1768284339877031937, 1768279391248338946, 'sale_order_status', '已新建', '1', 1, '0', NULL, 'info', '管理员', '2024-03-14 22:33:34', '管理员', '2024-03-14 22:33:34');
INSERT INTO `wms`.`tb_dict_item` (`id`, `type_id`, `type_code`, `label`, `value`, `order_num`, `status`, `remark`, `list_class`, `creator`, `create_time`, `updater`, `update_time`) VALUES (1768284387813732354, 1768279391248338946, 'sale_order_status', '已送货', '2', 2, '0', NULL, 'primary', '管理员', '2024-03-14 22:33:46', '管理员', '2024-03-14 22:33:46');
INSERT INTO `wms`.`tb_dict_item` (`id`, `type_id`, `type_code`, `label`, `value`, `order_num`, `status`, `remark`, `list_class`, `creator`, `create_time`, `updater`, `update_time`) VALUES (1768284421552713729, 1768279391248338946, 'sale_order_status', '已收款', '3', 3, '0', NULL, 'success', '管理员', '2024-03-14 22:33:54', '管理员', '2024-03-14 22:33:54');
INSERT INTO `wms`.`tb_dict_item` (`id`, `type_id`, `type_code`, `label`, `value`, `order_num`, `status`, `remark`, `list_class`, `creator`, `create_time`, `updater`, `update_time`) VALUES (1771840313904599041, 1765018242889351169, 'sys_inventory_spec', '1x16', '13', 13, '0', NULL, 'default', '管理员', '2024-03-24 18:03:45', '管理员', '2024-03-24 18:03:45');
INSERT INTO `wms`.`tb_dict_item` (`id`, `type_id`, `type_code`, `label`, `value`, `order_num`, `status`, `remark`, `list_class`, `creator`, `create_time`, `updater`, `update_time`) VALUES (1771840364525654018, 1765018242889351169, 'sys_inventory_spec', '1x20', '14', 14, '0', NULL, 'default', '管理员', '2024-03-24 18:03:57', '管理员', '2024-03-24 18:03:57');
INSERT INTO `wms`.`tb_dict_item` (`id`, `type_id`, `type_code`, `label`, `value`, `order_num`, `status`, `remark`, `list_class`, `creator`, `create_time`, `updater`, `update_time`) VALUES (1771840424936214529, 1765018242889351169, 'sys_inventory_spec', '1x24', '15', 15, '0', NULL, 'default', '管理员', '2024-03-24 18:04:11', '管理员', '2024-03-24 18:04:11');
INSERT INTO `wms`.`tb_dict_item` (`id`, `type_id`, `type_code`, `label`, `value`, `order_num`, `status`, `remark`, `list_class`, `creator`, `create_time`, `updater`, `update_time`) VALUES (1771840461086920706, 1765018242889351169, 'sys_inventory_spec', '1x30', '16', 16, '0', NULL, 'default', '管理员', '2024-03-24 18:04:20', '管理员', '2024-03-24 18:04:20');
INSERT INTO `wms`.`tb_dict_item` (`id`, `type_id`, `type_code`, `label`, `value`, `order_num`, `status`, `remark`, `list_class`, `creator`, `create_time`, `updater`, `update_time`) VALUES (1771840636647903233, 1765018242889351169, 'sys_inventory_brand', '可口可乐', '1', 1, '0', NULL, 'default', '管理员', '2024-03-24 18:05:02', '管理员', '2024-03-24 18:05:02');
INSERT INTO `wms`.`tb_dict_item` (`id`, `type_id`, `type_code`, `label`, `value`, `order_num`, `status`, `remark`, `list_class`, `creator`, `create_time`, `updater`, `update_time`) VALUES (1771840673205456897, 1765018242889351169, 'sys_inventory_brand', '哇哈哈', '2', 2, '0', NULL, 'default', '管理员', '2024-03-24 18:05:10', '管理员', '2024-03-24 18:05:10');
INSERT INTO `wms`.`tb_dict_item` (`id`, `type_id`, `type_code`, `label`, `value`, `order_num`, `status`, `remark`, `list_class`, `creator`, `create_time`, `updater`, `update_time`) VALUES (1771840718877233154, 1765018242889351169, 'sys_inventory_brand', '光明', '3', 3, '0', NULL, 'default', '管理员', '2024-03-24 18:05:21', '管理员', '2024-03-24 18:05:21');
INSERT INTO `wms`.`tb_dict_item` (`id`, `type_id`, `type_code`, `label`, `value`, `order_num`, `status`, `remark`, `list_class`, `creator`, `create_time`, `updater`, `update_time`) VALUES (1771840787860951042, 1765018242889351169, 'sys_inventory_brand', '三得利', '4', 4, '0', NULL, 'default', '管理员', '2024-03-24 18:05:38', '管理员', '2024-03-24 18:05:38');
INSERT INTO `wms`.`tb_dict_item` (`id`, `type_id`, `type_code`, `label`, `value`, `order_num`, `status`, `remark`, `list_class`, `creator`, `create_time`, `updater`, `update_time`) VALUES (1771840867145879553, 1765018242889351169, 'sys_inventory_brand', '三只松鼠', '5', 5, '0', NULL, 'default', '管理员', '2024-03-24 18:05:57', '管理员', '2024-03-24 18:05:57');
INSERT INTO `wms`.`tb_dict_item` (`id`, `type_id`, `type_code`, `label`, `value`, `order_num`, `status`, `remark`, `list_class`, `creator`, `create_time`, `updater`, `update_time`) VALUES (1771840897068044290, 1765018242889351169, 'sys_inventory_brand', '伊利', '6', 6, '0', NULL, 'default', '管理员', '2024-03-24 18:06:04', '管理员', '2024-03-24 18:06:04');
INSERT INTO `wms`.`tb_dict_item` (`id`, `type_id`, `type_code`, `label`, `value`, `order_num`, `status`, `remark`, `list_class`, `creator`, `create_time`, `updater`, `update_time`) VALUES (1771840926063267841, 1765018242889351169, 'sys_inventory_brand', '蒙牛', '7', 7, '0', NULL, 'default', '管理员', '2024-03-24 18:06:11', '管理员', '2024-03-24 18:06:11');
INSERT INTO `wms`.`tb_dict_item` (`id`, `type_id`, `type_code`, `label`, `value`, `order_num`, `status`, `remark`, `list_class`, `creator`, `create_time`, `updater`, `update_time`) VALUES (1771840957751234562, 1765018242889351169, 'sys_inventory_brand', '五粮液', '8', 8, '0', NULL, 'default', '管理员', '2024-03-24 18:06:18', '管理员', '2024-03-24 18:06:18');
INSERT INTO `wms`.`tb_dict_item` (`id`, `type_id`, `type_code`, `label`, `value`, `order_num`, `status`, `remark`, `list_class`, `creator`, `create_time`, `updater`, `update_time`) VALUES (1771841018115657729, 1765018242889351169, 'sys_inventory_brand', '奥妙', '9', 9, '0', NULL, 'default', '管理员', '2024-03-24 18:06:33', '管理员', '2024-03-24 18:06:33');
INSERT INTO `wms`.`tb_dict_item` (`id`, `type_id`, `type_code`, `label`, `value`, `order_num`, `status`, `remark`, `list_class`, `creator`, `create_time`, `updater`, `update_time`) VALUES (1771841059769290754, 1765018242889351169, 'sys_inventory_brand', '滴露', '10', 10, '0', NULL, 'default', '管理员', '2024-03-24 18:06:43', '管理员', '2024-03-24 18:06:43');
INSERT INTO `wms`.`tb_dict_item` (`id`, `type_id`, `type_code`, `label`, `value`, `order_num`, `status`, `remark`, `list_class`, `creator`, `create_time`, `updater`, `update_time`) VALUES (1771841105705308162, 1765018242889351169, 'sys_inventory_brand', '立白', '11', 11, '0', NULL, 'default', '管理员', '2024-03-24 18:06:53', '管理员', '2024-03-24 18:06:53');
INSERT INTO `wms`.`tb_dict_item` (`id`, `type_id`, `type_code`, `label`, `value`, `order_num`, `status`, `remark`, `list_class`, `creator`, `create_time`, `updater`, `update_time`) VALUES (1771841135774273537, 1765018242889351169, 'sys_inventory_brand', '宝洁', '12', 12, '0', NULL, 'default', '管理员', '2024-03-24 18:07:01', '管理员', '2024-03-24 18:07:01');
INSERT INTO `wms`.`tb_dict_item` (`id`, `type_id`, `type_code`, `label`, `value`, `order_num`, `status`, `remark`, `list_class`, `creator`, `create_time`, `updater`, `update_time`) VALUES (1771841192879722497, 1765018242889351169, 'sys_inventory_brand', '沙宣', '13', 13, '0', NULL, 'default', '管理员', '2024-03-24 18:07:14', '管理员', '2024-03-24 18:07:14');
INSERT INTO `wms`.`tb_dict_item` (`id`, `type_id`, `type_code`, `label`, `value`, `order_num`, `status`, `remark`, `list_class`, `creator`, `create_time`, `updater`, `update_time`) VALUES (1771841229747654657, 1765018242889351169, 'sys_inventory_brand', '欧莱雅', '14', 14, '0', NULL, 'default', '管理员', '2024-03-24 18:07:23', '管理员', '2024-03-24 18:07:23');
INSERT INTO `wms`.`tb_dict_item` (`id`, `type_id`, `type_code`, `label`, `value`, `order_num`, `status`, `remark`, `list_class`, `creator`, `create_time`, `updater`, `update_time`) VALUES (1771841292351836161, 1765018242889351169, 'sys_inventory_brand', '雅诗兰黛', '15', 15, '0', NULL, 'default', '管理员', '2024-03-24 18:07:38', '管理员', '2024-03-24 18:07:38');

# 下面均为业务表，可以选择不导入，自己进行新增
# tb_user_customer客户表
INSERT INTO `wms`.`tb_user_customer` (`id`, `nickname`, `name`, `email`, `phone`, `gender`, `avatar`, `address`, `creator`, `create_time`, `updater`, `update_time`) VALUES (1771586416891928577, '李爱心', '爱心超市', '13312340001@163.com', '13312340001', '0', 'http://wms-img.yunke.icu/2178bd46ae1a43efa42be05dfd96f721.jpeg', '上海市浦东新区金海路1234号', '管理员', '2024-03-24 01:14:51', '管理员', '2024-03-24 01:14:51');
INSERT INTO `wms`.`tb_user_customer` (`id`, `nickname`, `name`, `email`, `phone`, `gender`, `avatar`, `address`, `creator`, `create_time`, `updater`, `update_time`) VALUES (1771586808061108225, '王天天', '天天超市', '133122340002@163.com', '13312340002', '1', 'http://wms-img.yunke.icu/b8d58dc864d14b4a94068971234890a1.jpg', '上海市浦东新区明雷路100号', '管理员', '2024-03-24 01:16:24', '管理员', '2024-03-24 01:16:24');
INSERT INTO `wms`.`tb_user_customer` (`id`, `nickname`, `name`, `email`, `phone`, `gender`, `avatar`, `address`, `creator`, `create_time`, `updater`, `update_time`) VALUES (1771587270285991938, '张华联', '华联超市', '13312340003@163.com', '13312340003', '0', 'http://wms-img.yunke.icu/006cc278f87a422fa295806c04daa82a.jpg', '上海市浦东新区金海路2360号', '管理员', '2024-03-24 01:18:14', '管理员', '2024-03-24 01:18:14');
INSERT INTO `wms`.`tb_user_customer` (`id`, `nickname`, `name`, `email`, `phone`, `gender`, `avatar`, `address`, `creator`, `create_time`, `updater`, `update_time`) VALUES (1771587577472622593, '刘阳光', '阳光超市', '13312340004@163.com', '13312340004', '1', 'http://wms-img.yunke.icu/0884bbb544b0499698d4d5072514ab2f.jpg', '上海市浦东新区金海路2888号', '管理员', '2024-03-24 01:19:28', '管理员', '2024-03-24 01:19:28');
INSERT INTO `wms`.`tb_user_customer` (`id`, `nickname`, `name`, `email`, `phone`, `gender`, `avatar`, `address`, `creator`, `create_time`, `updater`, `update_time`) VALUES (1771587909615362050, '马快乐', '快乐购超市', '13312340005@163.com', '13312340005', '1', 'http://wms-img.yunke.icu/c32eb79e1d954e239fdc7c51994dbd2e.jpg', '上海市徐汇区肇嘉浜路200号', '管理员', '2024-03-24 01:20:47', '管理员', '2024-03-24 01:20:47');
INSERT INTO `wms`.`tb_user_customer` (`id`, `nickname`, `name`, `email`, `phone`, `gender`, `avatar`, `address`, `creator`, `create_time`, `updater`, `update_time`) VALUES (1771588337988018177, '李家园', '家园超市', '13312340006@163.com', '13312340006', '0', 'http://wms-img.yunke.icu/ce6d51209a974062b4cde97844392e76.jpg', '上海市长宁区虹桥路300号', '管理员', '2024-03-24 01:22:29', '管理员', '2024-03-24 01:22:29');
INSERT INTO `wms`.`tb_user_customer` (`id`, `nickname`, `name`, `email`, `phone`, `gender`, `avatar`, `address`, `creator`, `create_time`, `updater`, `update_time`) VALUES (1771588744227332097, '刘星光', '星光超市', '13312340007@163.com', '13312340007', '1', 'http://wms-img.yunke.icu/421ec752743446f89ac0786b598339c6.jpg', '上海市杨浦区黄兴路150号', '管理员', '2024-03-24 01:24:06', '管理员', '2024-03-24 01:24:06');

# tb_user_supplier供应商表
INSERT INTO `wms`.`tb_user_supplier` (`id`, `nickname`, `name`, `email`, `phone`, `gender`, `avatar`, `address`, `creator`, `create_time`, `updater`, `update_time`) VALUES (1771590795623661569, '张华', '河南翔龙', 'zhanghua@xianglongtrade.com', '18812345678', '1', 'http://wms-img.yunke.icu/4ee18c3fa7814c658536ab4f4a12accc.jpg', '上海市浦东新区张江高科技园区110号', '管理员', '2024-03-24 01:32:15', '管理员', '2024-03-24 01:32:15');
INSERT INTO `wms`.`tb_user_supplier` (`id`, `nickname`, `name`, `email`, `phone`, `gender`, `avatar`, `address`, `creator`, `create_time`, `updater`, `update_time`) VALUES (1771591084539904002, '李军', '丰盛食品', 'lijun@fengshengfood.com', '13698765324', '1', 'http://wms-img.yunke.icu/cdc169bace9a42a083dc35bbb154d90a.jpeg', '北京市朝阳区朝阳北路88号', '管理员', '2024-03-24 01:33:24', '管理员', '2024-03-24 01:33:24');
INSERT INTO `wms`.`tb_user_supplier` (`id`, `nickname`, `name`, `email`, `phone`, `gender`, `avatar`, `address`, `creator`, `create_time`, `updater`, `update_time`) VALUES (1771591325825630210, '王丽', '福泽商贸', 'wangli@fuzeshangmao.com', '15087654321', '0', 'http://wms-img.yunke.icu/5a2f3b8f386748fbb8d65bd8ddcadbc0.jpg', '广州市天河区珠江新城华夏路66号', '管理员', '2024-03-24 01:34:21', '管理员', '2024-03-24 01:34:21');

# tb_inventory_ware货物表
